{
  "$ref": "#/definitions/articulos",
  "definitions": {
    "articulos": {
      "type": "object",
      "properties": {
        "title": {
          "type": "string"
        },
        "date": {
          "anyOf": [
            {
              "type": "string",
              "format": "date-time"
            },
            {
              "type": "string",
              "format": "date"
            },
            {
              "type": "integer",
              "format": "unix-time"
            }
          ]
        },
        "deck": {
          "type": "string"
        },
        "description": {
          "type": "string"
        },
        "section": {
          "type": "string",
          "enum": [
            "Ensayos",
            "Entrevistas",
            "Reseñas",
            "Crónica"
          ],
          "default": "Ensayos"
        },
        "tag": {
          "type": "string"
        },
        "temas": {
          "type": "array",
          "items": {
            "type": "string"
          },
          "default": []
        },
        "author": {
          "type": "string"
        },
        "featured": {
          "type": "boolean",
          "default": false
        },
        "draft": {
          "type": "boolean",
          "default": false
        },
        "hero": {
          "type": "string"
        },
        "$schema": {
          "type": "string"
        }
      },
      "required": [
        "title",
        "date"
      ],
      "additionalProperties": false
    }
  },
  "$schema": "http://json-schema.org/draft-07/schema#"
}