{
  "$ref": "#/definitions/issues",
  "definitions": {
    "issues": {
      "type": "object",
      "properties": {
        "title": {
          "type": "string"
        },
        "date": {
          "anyOf": [
            {
              "type": "string",
              "format": "date-time"
            },
            {
              "type": "string",
              "format": "date"
            },
            {
              "type": "integer",
              "format": "unix-time"
            }
          ]
        },
        "period": {
          "type": "string"
        },
        "cover": {
          "type": "string"
        },
        "buyUrl": {
          "type": "string",
          "format": "uri"
        },
        "articleSlugs": {
          "type": "array",
          "items": {
            "type": "string"
          },
          "default": []
        },
        "$schema": {
          "type": "string"
        }
      },
      "required": [
        "title",
        "date",
        "cover"
      ],
      "additionalProperties": false
    }
  },
  "$schema": "http://json-schema.org/draft-07/schema#"
}