[["Map",1,2,9,10,25,26],"meta::meta",["Map",3,4,5,6,7,8],"astro-version","5.16.15","content-config-digest","5bbd8ce57d8f93c5","astro-config-digest","{\"root\":{},\"srcDir\":{},\"publicDir\":{},\"outDir\":{},\"cacheDir\":{},\"site\":\"https://lumenarkhe.com\",\"compressHTML\":true,\"base\":\"/\",\"trailingSlash\":\"ignore\",\"output\":\"static\",\"scopedStyleStrategy\":\"attribute\",\"build\":{\"format\":\"directory\",\"client\":{},\"server\":{},\"assets\":\"_astro\",\"serverEntry\":\"entry.mjs\",\"redirects\":true,\"inlineStylesheets\":\"auto\",\"concurrency\":1},\"server\":{\"open\":false,\"host\":\"127.0.0.1\",\"port\":4321,\"streaming\":true,\"allowedHosts\":[]},\"redirects\":{},\"image\":{\"endpoint\":{\"route\":\"/_image\"},\"service\":{\"entrypoint\":\"astro/assets/services/sharp\",\"config\":{}},\"domains\":[],\"remotePatterns\":[],\"responsiveStyles\":false},\"devToolbar\":{\"enabled\":true},\"markdown\":{\"syntaxHighlight\":{\"type\":\"shiki\",\"excludeLangs\":[\"math\"]},\"shikiConfig\":{\"langs\":[],\"langAlias\":{},\"theme\":\"github-dark\",\"themes\":{},\"wrap\":false,\"transformers\":[]},\"remarkPlugins\":[],\"rehypePlugins\":[],\"remarkRehype\":{},\"gfm\":true,\"smartypants\":true},\"security\":{\"checkOrigin\":true,\"allowedDomains\":[]},\"env\":{\"schema\":{},\"validateSecrets\":false},\"experimental\":{\"clientPrerender\":false,\"contentIntellisense\":false,\"headingIdCompat\":false,\"preserveScriptOrder\":false,\"liveContentCollections\":false,\"csp\":false,\"staticImportMetaEnv\":false,\"chromeDevtoolsWorkspace\":false,\"failOnPrerenderConflict\":false,\"svgo\":false},\"legacy\":{\"collections\":false}}","issues",["Map",11,12],"2026-h1",{"id":11,"data":13,"filePath":23,"digest":24},{"title":14,"date":15,"period":16,"cover":17,"buyUrl":18,"articleSlugs":19},"Lumen Arkhé — Número I",["Date","2026-06-30T00:00:00.000Z"],"2026 (Ene–Jun)","/images/issues/2026-h1.jpg","https://ejemplo.com/tu-link-de-compra",[20,21,22],"burocracia-minima","ia-energia","promesa-publica","src/content/issues/2026-h1.json","fb85cc7e5054ff61","articulos",["Map",27,28,21,46,20,67,22,92,111,112],"la-ventanilla-y-el-algoritmo",{"id":27,"data":29,"body":42,"filePath":43,"digest":44,"legacyId":45,"deferredRender":39},{"title":30,"date":31,"deck":32,"description":33,"section":34,"tag":35,"temas":36,"author":38,"featured":39,"draft":40,"hero":41},"La ventanilla y el algoritmo",["Date","2026-01-30T00:00:00.000Z"],"Una escena mínima —un trámite cualquiera— para entender por qué la administración moderna no solo gestiona: también moldea conductas.","Ensayo breve sobre burocracia y técnica: cómo la estandarización, el formulario y la automatización terminan produciendo obediencia normalizada.","Ensayos","burocracia",[37],"Estado","Gregorio Augusto Burdiles",true,false,"/images/hero/la-ventanilla-y-el-algoritmo/hero.png","En la ventanilla no ocurre una tragedia; ocurre algo más sutil. Una persona llega con una carpeta, una duda legítima y una expectativa: “si explico bien mi caso, me entenderán”. Pero el sistema no está diseñado para entender casos; está diseñado para **clasificarlos**. Y esa diferencia —pequeña en apariencia— es la bisagra completa de la vida administrativa moderna.\n\nEl funcionario no es el centro, aunque parezca. El centro es el **formato**: el conjunto de casillas que decide qué existe y qué no existe. Si tu situación cabe en el formulario, entonces existe. Si no cabe, no es que sea falsa: es que es **invisible**. La invisibilidad no se discute; simplemente no entra al circuito.\n\nAquí aparece el mito contemporáneo: “digitalizar” es “hacer eficiente”. A veces lo es, sí. Pero digitalizar también significa **congelar** una interpretación del mundo en reglas rígidas: qué cuenta como evidencia, qué excepción es aceptable, qué variable se considera relevante. Y cuando la regla se automatiza, la interpretación deja de sentirse como interpretación: pasa a sentirse como “lo normal”.\n\nEn ese punto la eficiencia se vuelve obediencia, sin necesidad de violencia. La obediencia no se impone: se **aprende**. Aprendes a hablar como el sistema, a describirte como el sistema, a reducir tu experiencia a lo que el sistema puede procesar. Aprendes a anticipar el “rechazado” y a reformular tu vida para evitarlo.\n\nEl detalle incómodo es este: el ciudadano moderno no solo pide servicios. Pide también **legibilidad**. Quiere ser legible para el Estado porque la vida depende de esa legibilidad: salud, permisos, pagos, acreditaciones, movilidad. Ser legible es vivir dentro del circuito; ser ilegible es vivir en el borde.\n\nLo paradójico: cuando el sistema promete “humanización”, suele añadir capas que **multiplican** la distancia. Chatbots, portales, formularios dinámicos, validaciones automáticas. El lenguaje se vuelve más amable, pero la estructura se vuelve más dura. La cortesía de la interfaz puede esconder una máquina que no negocia.\n\nLa pregunta decisiva no es “¿digitalizamos o no?”. Es “¿qué tipo de mundo se vuelve real cuando solo cuenta lo que puede ser formalizado?”. Porque el problema no es solo administrativo: es cultural. Un país puede terminar creyendo que lo importante es lo que se mide, lo que se certifica, lo que tiene un número de seguimiento.\n\nSi te parece exagerado, vuelve a la escena inicial: la persona frente a la ventanilla. Lo que está en juego no es un trámite. Es una pedagogía silenciosa: cómo hablar, cómo probar, cómo esperar, cómo aceptar un “no” que no explica nada. En esa pedagogía se forma una subjetividad: el individuo que ya llega pensando en casillas.\n\nCuando el algoritmo reemplaza la ventanilla, lo que cambia no es la lógica; cambia el **ritmo**. Todo sucede más rápido, con menos fricción visible. Y esa reducción de fricción puede parecer progreso… hasta que el error te toca a ti. Entonces descubres que el sistema es ágil para decir “sí”, pero aún más ágil para decir “no” sin rostro.\n\nLa tarea editorial de una revista como esta no es denunciar “a los funcionarios” ni fetichizar “la tecnología”. Es mapear la zona donde la administración deja de ser un medio y empieza a ser un **modo de vida**: una manera de pensar, de narrarse, de pedir permiso para existir.\n\nY aquí queda el umbral para el siguiente texto: si la burocracia es la gramática de la continuidad, ¿cuánto de esa gramática es inevitable… y cuánto es simple acumulación de capas, miedo y autoprotección del sistema?","src/content/articulos/la-ventanilla-y-el-algoritmo.mdoc","99ba2e2f4f9c8bac","la-ventanilla-y-el-algoritmo.mdoc",{"id":21,"data":47,"body":53,"filePath":54,"digest":55,"rendered":56,"legacyId":66},{"title":48,"date":49,"description":50,"section":34,"temas":51,"featured":40,"draft":40},"IA y energía: el nuevo cuello de botella",["Date","2026-01-22T00:00:00.000Z"],"Servidores, demanda eléctrica y promesas tecnológicas.",[52],"Técnica","Texto...","src/content/articulos/ia-energia.md","97b0d16a07f1328b",{"html":57,"metadata":58},"\u003Cp>Texto…\u003C/p>",{"headings":59,"localImagePaths":60,"remoteImagePaths":61,"frontmatter":62,"imagePaths":65},[],[],[],{"title":48,"description":50,"date":63,"section":34,"temas":64,"draft":40},["Date","2026-01-22T00:00:00.000Z"],[52],[],"ia-energia.md",{"id":20,"data":68,"body":74,"filePath":75,"digest":76,"rendered":77,"legacyId":91},{"title":69,"date":70,"description":71,"section":34,"temas":72,"featured":40,"draft":40},"Burocracia mínima: el precio de la continuidad",["Date","2026-01-23T00:00:00.000Z"],"Fricción visible vs densidad opaca: una tesis para el siglo administrativo.",[73],"Burocracia","Aquí va el texto del artículo.  \r\nPuedes escribir largo, con subtítulos:\r\n\r\n## 1. El precio de la continuidad\r\n\r\nTexto...","src/content/articulos/burocracia-minima.md","c672230ccd542d1b",{"html":78,"metadata":79},"\u003Cp>Aquí va el texto del artículo.\u003Cbr>\nPuedes escribir largo, con subtítulos:\u003C/p>\n\u003Ch2 id=\"1-el-precio-de-la-continuidad\">1. El precio de la continuidad\u003C/h2>\n\u003Cp>Texto…\u003C/p>",{"headings":80,"localImagePaths":85,"remoteImagePaths":86,"frontmatter":87,"imagePaths":90},[81],{"depth":82,"slug":83,"text":84},2,"1-el-precio-de-la-continuidad","1. El precio de la continuidad",[],[],{"title":69,"description":71,"date":88,"section":34,"temas":89,"draft":40},["Date","2026-01-23T00:00:00.000Z"],[73],[],"burocracia-minima.md",{"id":22,"data":93,"body":53,"filePath":99,"digest":100,"rendered":101,"legacyId":110},{"title":94,"date":95,"description":96,"section":34,"temas":97,"featured":40,"draft":40},"Promesa pública en tiempos de indicador",["Date","2026-01-20T00:00:00.000Z"],"Cuando medir devora el fin: política en régimen de métricas.",[98],"Política","src/content/articulos/promesa-publica.md","d1d0b8cd21098453",{"html":57,"metadata":102},{"headings":103,"localImagePaths":104,"remoteImagePaths":105,"frontmatter":106,"imagePaths":109},[],[],[],{"title":94,"description":96,"date":107,"section":34,"temas":108,"draft":40},["Date","2026-01-20T00:00:00.000Z"],[98],[],"promesa-publica.md","esto-es-una-prueba",{"id":111,"data":113,"body":42,"filePath":122,"digest":123,"legacyId":124,"deferredRender":39},{"title":114,"date":115,"deck":116,"description":117,"section":34,"tag":118,"temas":119,"author":120,"featured":39,"draft":40,"hero":121},"esto es una prueba",["Date","2026-01-30T00:00:00.000Z"],"por si acaso","cosas que ocurren","estado",[],"opcional","/images/hero/esto-es-una-prueba/hero.png","src/content/articulos/esto-es-una-prueba.mdoc","0cc0e779defcf386","esto-es-una-prueba.mdoc"]